Banco;Código;ISPB;Nome Completo
BCO DO BRASIL S.A.;1;0;Banco do Brasil S.A.
BCO DA AMAZONIA S.A.;3;4902979;BANCO DA AMAZONIA S.A.
BCO DO NORDESTE DO BRASIL S.A.;4;7237373;Banco do Nordeste do Brasil S.A.
BNDES;7;33657248;BANCO NACIONAL DE DESENVOLVIMENTO ECONOMICO E SOCIAL
CREDICOAMO;10;81723108;CREDICOAMO CREDITO RURAL COOPERATIVA
C.SUISSE HEDGING-GRIFFO CV S/A;11;61809182;CREDIT SUISSE HEDGING-GRIFFO CORRETORA DE VALORES S.A
BANCO INBURSA;12;4866275;Banco Inbursa S.A.
STATE STREET BR S.A. BCO COMERCIAL;14;9274232;STATE STREET BRASIL S.A. - BANCO COMERCIAL
UBS BRASIL CCTVM S.A.;15;2819125;UBS Brasil Corretora de Câmbio, Títulos e Valores Mobiliários S.A.
CCM DESP TRÂNS SC E RS;16;4715685;COOPERATIVA DE CRÉDITO MÚTUO DOS DESPACHANTES DE TRÂNSITO DE SANTA CATARINA E RI
BNY MELLON BCO S.A.;17;42272526;BNY Mellon Banco S.A.
BCO TRICURY S.A.;18;57839805;Banco Tricury S.A.
BCO BANESTES S.A.;21;28127603;BANESTES S.A. BANCO DO ESTADO DO ESPIRITO SANTO
BCO BANDEPE S.A.;24;10866788;Banco Bandepe S.A.
BCO ALFA S.A.;25;3323840;Banco Alfa S.A.
BANCO ITAÚ CONSIGNADO S.A.;29;33885724;Banco Itaú Consignado S.A.
BCO SANTANDER (BRASIL) S.A.;33;90400888;BANCO SANTANDER (BRASIL) S.A.
BCO BBI S.A.;36;6271464;Banco Bradesco BBI S.A.
BCO DO EST. DO PA S.A.;37;4913711;Banco do Estado do Pará S.A.
BCO CARGILL S.A.;40;3609817;Banco Cargill S.A.
BCO DO ESTADO DO RS S.A.;41;92702067;Banco do Estado do Rio Grande do Sul S.A.
BCO DO EST. DE SE S.A.;47;13009717;Banco do Estado de Sergipe S.A.
CONFIDENCE CC S.A.;60;4913129;Confidence Corretora de Câmbio S.A.
HIPERCARD BM S.A.;62;3012230;Hipercard Banco Múltiplo S.A.
BANCO BRADESCARD;63;4184779;Banco Bradescard S.A.
GOLDMAN SACHS DO BRASIL BM S.A;64;4332281;GOLDMAN SACHS DO BRASIL BANCO MULTIPLO S.A.
BCO ANDBANK S.A.;65;48795256;Banco AndBank (Brasil) S.A.
BCO MORGAN STANLEY S.A.;66;2801938;BANCO MORGAN STANLEY S.A.
BRB - BCO DE BRASILIA S.A.;70;208;BRB - BANCO DE BRASILIA S.A.
BCO. J.SAFRA S.A.;74;3017677;Banco J. Safra S.A.
BCO ABN AMRO S.A.;75;3532415;Banco ABN Amro S.A.
BCO KDB BRASIL S.A.;76;7656500;Banco KDB do Brasil S.A.
BANCO INTER;77;416968;Banco Inter S.A.
HAITONG BI DO BRASIL S.A.;78;34111187;Haitong Banco de Investimento do Brasil S.A.
BCO ORIGINAL DO AGRO S/A;79;9516419;Banco Original do Agronegócio S.A.
B&T CC LTDA.;80;73622748;B&T CORRETORA DE CAMBIO LTDA.
BANCOSEGURO S.A.;81;10264663;BancoSeguro S.A.
BANCO TOPÁZIO S.A.;82;7679404;BANCO TOPÁZIO S.A.
BCO DA CHINA BRASIL S.A.;83;10690848;Banco da China Brasil S.A.
UNIPRIME DO BRASIL - CC LTDA.;84;2398976;UNIPRIME DO BRASIL - COOPERATIVA DE CRéDITO LTDA.
COOPCENTRAL AILOS;85;5463212;Cooperativa Central de Crédito - Ailos
BANCO RANDON S.A.;88;11476673;BANCO RANDON S.A.
CREDISAN CC;89;62109566;CREDISAN COOPERATIVA DE CRÉDITO
BRK S.A. CFI;92;12865507;BRK S.A. Crédito, Financiamento e Investimento
POLOCRED SCMEPP LTDA.;93;7945233;PÓLOCRED SOCIEDADE DE CRÉDITO AO MICROEMPREENDEDOR E À EMPRESA DE PEQUENO PORT
BANCO FINAXIS;94;11758741;Banco Finaxis S.A.
TRAVELEX BANCO DE CÂMBIO S.A.;95;11703662;Travelex Banco de Câmbio S.A.
BCO B3 S.A.;96;997185;Banco B3 S.A.
CREDISIS CENTRAL DE COOPERATIVAS DE CRÉDITO LTDA.;97;4632856;Credisis - Central de Cooperativas de Crédito Ltda.
CREDIALIANÇA CCR;98;78157146;Credialiança Cooperativa de Crédito Rural
UNIPRIME CENTRAL CCC LTDA.;99;3046391;UNIPRIME CENTRAL - CENTRAL INTERESTADUAL DE COOPERATIVAS DE CREDITO LTDA.
PLANNER CV S.A.;100;806535;Planner Corretora de Valores S.A.
RENASCENCA DTVM LTDA;101;62287735;RENASCENCA DISTRIBUIDORA DE TÍTULOS E VALORES MOBILIÁRIOS LTDA
XP INVESTIMENTOS CCTVM S/A;102;2332886;XP INVESTIMENTOS CORRETORA DE CÂMBIO,TÍTULOS E VALORES MOBILIÁRIOS S/A
CAIXA ECONOMICA FEDERAL;104;360305;CAIXA ECONOMICA FEDERAL
LECCA CFI S.A.;105;7652226;Lecca Crédito, Financiamento e Investimento S/A
BCO BOCOM BBM S.A.;107;15114366;Banco Bocom BBM S.A.
PORTOCRED S.A. - CFI;108;1800019;PORTOCRED S.A. - CREDITO, FINANCIAMENTO E INVESTIMENTO
OLIVEIRA TRUST DTVM S.A.;111;36113876;OLIVEIRA TRUST DISTRIBUIDORA DE TÍTULOS E VALORES MOBILIARIOS S.A.
MAGLIANO S A CTVM;113;61723847;MAGLIANO S.A. CORRETORA DE TÍTULOS E VALORES MOBILIÁRIOS
CENTRAL COOPERATIVA DE CRÉDITO NO ESTADO DO ESPÍRITO SANTO;114;5790149;Central Cooperativa de Crédito no Estado do Espírito Santo - CECOOP
ADVANCED CC LTDA;117;92856905;ADVANCED CORRETORA DE CÂMBIO LTDA
BCO WESTERN UNION;119;13720915;Banco Western Union do Brasil S.A.
BCO RODOBENS S.A.;120;33603457;BANCO RODOBENS S.A.
BCO AGIBANK S.A.;121;10664513;Banco Agibank S.A.
BCO BRADESCO BERJ S.A.;122;33147315;Banco Bradesco BERJ S.A.
BCO WOORI BANK DO BRASIL S.A.;124;15357060;Banco Woori Bank do Brasil S.A.
BANCO GENIAL;125;45246410;BANCO GENIAL S.A.
BR PARTNERS BI;126;13220493;BR Partners Banco de Investimento S.A.
CODEPE CVC S.A.;127;9512542;Codepe Corretora de Valores e Câmbio S.A.
MS BANK S.A. BCO DE CÂMBIO;128;19307785;MS Bank S.A. Banco de Câmbio
UBS BRASIL BI S.A.;129;18520834;UBS Brasil Banco de Investimento S.A.
CARUANA SCFI;130;9313766;CARUANA S.A. - SOCIEDADE DE CRÉDITO, FINANCIAMENTO E INVESTIMENTO
TULLETT PREBON BRASIL CVC LTDA;131;61747085;TULLETT PREBON BRASIL CORRETORA DE VALORES E CÂMBIO LTDA
ICBC DO BRASIL BM S.A.;132;17453575;ICBC do Brasil Banco Múltiplo S.A.
CRESOL CONFEDERAÇÃO;133;10398952;CONFEDERAÇÃO NACIONAL DAS COOPERATIVAS CENTRAIS DE CRÉDITO E ECONOMIA FAMILIAR E
BGC LIQUIDEZ DTVM LTDA;134;33862244;BGC LIQUIDEZ DISTRIBUIDORA DE TÍTULOS E VALORES MOBILIÁRIOS LTDA
CONF NAC COOP CENTRAIS UNICRED;136;315557;CONFEDERAÇÃO NACIONAL DAS COOPERATIVAS CENTRAIS UNICRED LTDA. - UNICRED DO BRASI
GET MONEY CC LTDA;138;10853017;Get Money Corretora de Câmbio S.A.
INTESA SANPAOLO BRASIL S.A. BM;139;55230916;Intesa Sanpaolo Brasil S.A. - Banco Múltiplo
NU INVEST CORRETORA DE VALORES S.A.;140;62169875;NU INVEST CORRETORA DE VALORES S.A.
BROKER BRASIL CC LTDA.;142;16944141;Broker Brasil Corretora de Câmbio Ltda.
TREVISO CC S.A.;143;2992317;Treviso Corretora de Câmbio S.A.
BEXS BCO DE CAMBIO S.A.;144;13059145;BEXS BANCO DE CÂMBIO S/A
LEVYCAM CCV LTDA;145;50579044;LEVYCAM - CORRETORA DE CAMBIO E VALORES LTDA.
GUITTA CC LTDA;146;24074692;GUITTA CORRETORA DE CAMBIO LTDA.
FACTA S.A. CFI;149;15581638;Facta Financeira S.A. - Crédito Financiamento e Investimento
ICAP DO BRASIL CTVM LTDA.;157;9105360;ICAP do Brasil Corretora de Títulos e Valores Mobiliários Ltda.
CASA CREDITO S.A. SCM;159;5442029;Casa do Crédito S.A. Sociedade de Crédito ao Microempreendedor
COMMERZBANK BRASIL S.A. - BCO MÚLTIPLO;163;23522214;Commerzbank Brasil S.A. - Banco Múltiplo
BRL TRUST DTVM SA;173;13486793;BRL Trust Distribuidora de Títulos e Valores Mobiliários S.A.
PEFISA S.A. - C.F.I.;174;43180355;PEFISA S.A. - CRÉDITO, FINANCIAMENTO E INVESTIMENTO
GUIDE;177;65913436;Guide Investimentos S.A. Corretora de Valores
CM CAPITAL MARKETS CCTVM LTDA;180;2685483;CM CAPITAL MARKETS CORRETORA DE CÂMBIO, TÍTULOS E VALORES MOBILIÁRIOS LTDA
SOCRED SA - SCMEPP;183;9210106;SOCRED S.A. - SOCIEDADE DE CRÉDITO AO MICROEMPREENDEDOR E À EMPRESA DE PEQUENO P
BCO ITAÚ BBA S.A.;184;17298092;Banco Itaú BBA S.A.
ATIVA S.A. INVESTIMENTOS CCTVM;188;33775974;ATIVA INVESTIMENTOS S.A. CORRETORA DE TÍTULOS, CÂMBIO E VALORES
HS FINANCEIRA;189;7512441;HS FINANCEIRA S/A CREDITO, FINANCIAMENTO E INVESTIMENTOS
SERVICOOP;190;3973814;SERVICOOP - COOPERATIVA DE CRÉDITO DOS SERVIDORES PÚBLICOS ESTADUAIS DO RIO GRAN
NOVA FUTURA CTVM LTDA.;191;4257795;Nova Futura Corretora de Títulos e Valores Mobiliários Ltda.
PARMETAL DTVM LTDA;194;20155248;PARMETAL DISTRIBUIDORA DE TÍTULOS E VALORES MOBILIÁRIOS LTDA
VALOR SCD S.A.;195;7799277;VALOR SOCIEDADE DE CRÉDITO DIRETO S.A.
FAIR CC S.A.;196;32648370;FAIR CORRETORA DE CAMBIO S.A.
STONE PAGAMENTOS S.A.;197;16501555;Stone Pagamentos S.A.
BANCO BTG PACTUAL S.A.;208;30306294;Banco BTG Pactual S.A.
BANCO ORIGINAL;212;92894922;Banco Original S.A.
BCO ARBI S.A.;213;54403563;Banco Arbi S.A.
BANCO JOHN DEERE S.A.;217;91884981;Banco John Deere S.A.
BCO BS2 S.A.;218;71027866;Banco BS2 S.A.
BCO CRÉDIT AGRICOLE BR S.A.;222;75647891;BANCO CRÉDIT AGRICOLE BRASIL S.A.
BCO FIBRA S.A.;224;58616418;Banco Fibra S.A.
BANCO CIFRA;233;62421979;Banco Cifra S.A.
BCO BRADESCO S.A.;237;60746948;Banco Bradesco S.A.
BCO CLASSICO S.A.;241;31597552;BANCO CLASSICO S.A.
BANCO MASTER;243;33923798;BANCO MASTER S/A
BCO ABC BRASIL S.A.;246;28195667;Banco ABC Brasil S.A.
BANCO INVESTCRED UNIBANCO S.A.;249;61182408;Banco Investcred Unibanco S.A.
BCV - BCO, CRÉDITO E VAREJO S.A.;250;50585090;BCV - BANCO DE CRÉDITO E VAREJO S.A.
BEXS CC S.A.;253;52937216;Bexs Corretora de Câmbio S/A
PARANA BCO S.A.;254;14388334;PARANÁ BANCO S.A.
MONEYCORP BCO DE CÂMBIO S.A.;259;8609934;MONEYCORP BANCO DE CÂMBIO S.A.
NU PAGAMENTOS - IP;260;18236120;NU PAGAMENTOS S.A. - INSTITUIÇÃO DE PAGAMENTO
BCO FATOR S.A.;265;33644196;Banco Fator S.A.
BCO CEDULA S.A.;266;33132044;BANCO CEDULA S.A.
BARI CIA HIPOTECÁRIA;268;14511781;BARI COMPANHIA HIPOTECÁRIA
BCO HSBC S.A.;269;53518684;BANCO HSBC S.A.
SAGITUR CC LTDA;270;61444949;Sagitur Corretora de Câmbio Ltda.
IB CCTVM S.A.;271;27842177;IB Corretora de Câmbio, Títulos e Valores Mobiliários S.A.
AGK CC S.A.;272;250699;AGK CORRETORA DE CAMBIO S.A.
CCR DE SÃO MIGUEL DO OESTE;273;8253539;Cooperativa de Crédito Rural de São Miguel do Oeste - Sulcredi/São Miguel
MONEY PLUS SCMEPP LTDA;274;11581339;MONEY PLUS SOCIEDADE DE CRÉDITO AO MICROEMPREENDEDOR E A EMPRESA DE PEQUENO PORT
BCO SENFF S.A.;276;11970623;BANCO SENFF S.A.
GENIAL INVESTIMENTOS CVM S.A.;278;27652684;Genial Investimentos Corretora de Valores Mobiliários S.A.
CCR DE PRIMAVERA DO LESTE;279;26563270;COOPERATIVA DE CREDITO RURAL DE PRIMAVERA DO LESTE
WILL FINANCEIRA S.A.CFI;280;23862762;WILL FINANCEIRA S.A. CRÉDITO, FINANCIAMENTO E INVESTIMENTO
CCR COOPAVEL;281;76461557;Cooperativa de Crédito Rural Coopavel
RB INVESTIMENTOS DTVM LTDA.;283;89960090;RB INVESTIMENTOS DISTRIBUIDORA DE TITULOS E VALORES MOBILIARIOS LIMITADA
FRENTE CC LTDA.;285;71677850;Frente Corretora de Câmbio Ltda.
CCR DE OURO;286;7853842;COOPERATIVA DE CRÉDITO RURAL DE OURO SULCREDI/OURO
CAROL DTVM LTDA.;288;62237649;CAROL DISTRIBUIDORA DE TITULOS E VALORES MOBILIARIOS LTDA.
DECYSEO CC LTDA.;289;94968518;DECYSEO CORRETORA DE CAMBIO LTDA.
PAGSEGURO S.A.;290;8561701;Pagseguro Internet S.A.
BS2 DTVM S.A.;292;28650236;BS2 Distribuidora de Títulos e Valores Mobiliários S.A.
LASTRO RDV DTVM LTDA;293;71590442;Lastro RDV Distribuidora de Títulos e Valores Mobiliários Ltda.
VISION S.A. CC;296;4062902;VISION S.A. CORRETORA DE CAMBIO
VIPS CC LTDA.;298;17772370;Vip's Corretora de Câmbio Ltda.
BCO SOROCRED S.A. - BM;299;4814563;BANCO SOROCRED S.A. - BANCO MÚLTIPLO
BCO LA NACION ARGENTINA;300;33042151;Banco de la Nacion Argentina
BPP IP S.A.;301;13370835;BPP Instituição de Pagamento S.A.
PORTOPAR DTVM LTDA;306;40303299;PORTOPAR DISTRIBUIDORA DE TITULOS E VALORES MOBILIARIOS LTDA.
TERRA INVESTIMENTOS DTVM;307;3751794;Terra Investimentos Distribuidora de Títulos e Valores Mobiliários Ltda.
CAMBIONET CC LTDA;309;14190547;CAMBIONET CORRETORA DE CÂMBIO LTDA.
VORTX DTVM LTDA.;310;22610500;VORTX DISTRIBUIDORA DE TITULOS E VALORES MOBILIARIOS LTDA.
DOURADA CORRETORA;311;76641497;DOURADA CORRETORA DE CÂMBIO LTDA.
HSCM SCMEPP LTDA.;312;7693858;HSCM - SOCIEDADE DE CRÉDITO AO MICROEMPREENDEDOR E À EMPRESA DE PEQUENO PORTE LT
AMAZÔNIA CC LTDA.;313;16927221;AMAZÔNIA CORRETORA DE CÂMBIO LTDA.
PI DTVM S.A.;315;3502968;PI Distribuidora de Títulos e Valores Mobiliários S.A.
BCO BMG S.A.;318;61186680;Banco BMG S.A.
OM DTVM LTDA;319;11495073;OM DISTRIBUIDORA DE TÍTULOS E VALORES MOBILIÁRIOS LTDA
BCO CCB BRASIL S.A.;320;7450604;China Construction Bank (Brasil) Banco Múltiplo S/A
CREFAZ SCMEPP LTDA;321;18188384;CREFAZ SOCIEDADE DE CRÉDITO AO MICROEMPREENDEDOR E A EMPRESA DE PEQUENO PORTE LT
CCR DE ABELARDO LUZ;322;1073966;Cooperativa de Crédito Rural de Abelardo Luz - Sulcredi/Crediluz
MERCADO PAGO;323;10573521;MERCADOPAGO.COM REPRESENTACOES LTDA.
CARTOS SCD S.A.;324;21332862;CARTOS SOCIEDADE DE CRÉDITO DIRETO S.A.
ÓRAMA DTVM S.A.;325;13293225;Órama Distribuidora de Títulos e Valores Mobiliários S.A.
PARATI - CFI S.A.;326;3311443;PARATI - CREDITO, FINANCIAMENTO E INVESTIMENTO S.A.
CECM FABRIC CALÇADOS SAPIRANGA;328;5841967;COOPERATIVA DE ECONOMIA E CRÉDITO MÚTUO DOS FABRICANTES DE CALÇADOS DE SAPIRANGA
QI SCD S.A.;329;32402502;QI Sociedade de Crédito Direto S.A.
BANCO BARI S.A.;330;556603;BANCO BARI DE INVESTIMENTOS E FINANCIAMENTOS S.A.
FRAM CAPITAL DTVM S.A.;331;13673855;Fram Capital Distribuidora de Títulos e Valores Mobiliários S.A.
ACESSO SOLUCOES PAGAMENTO SA;332;13140088;Acesso Soluções de Pagamento S.A.
BANCO DIGIO;335;27098060;Banco Digio S.A.
BCO C6 S.A.;336;31872495;Banco C6 S.A.
SUPER PAGAMENTOS E ADMINISTRACAO DE MEIOS ELETRONICOS S.A.;340;9554480;Super Pagamentos e Administração de Meios Eletrônicos S.A.
ITAÚ UNIBANCO S.A.;341;60701190;ITAÚ UNIBANCO S.A.
CREDITAS SCD;342;32997490;Creditas Sociedade de Crédito Direto S.A.
FFA SCMEPP LTDA.;343;24537861;FFA SOCIEDADE DE CRÉDITO AO MICROEMPREENDEDOR E À EMPRESA DE PEQUENO PORTE LTDA.
BCO XP S.A.;348;33264668;Banco XP S.A.
AL5 S.A. CFI;349;27214112;AL5 S.A. CRÉDITO, FINANCIAMENTO E INVESTIMENTO
CREHNOR LARANJEIRAS;350;1330387;COOPERATIVA DE CRÉDITO RURAL DE PEQUENOS AGRICULTORES E DA REFORMA AGRÁRIA DO CE
TORO CTVM S.A.;352;29162769;TORO CORRETORA DE TÍTULOS E VALORES MOBILIÁRIOS S.A.
NECTON INVESTIMENTOS S.A CVM;354;52904364;NECTON INVESTIMENTOS S.A. CORRETORA DE VALORES MOBILIÁRIOS E COMMODITIES
ÓTIMO SCD S.A.;355;34335592;ÓTIMO SOCIEDADE DE CRÉDITO DIRETO S.A.
MIDWAY S.A. - SCFI;358;9464032;MIDWAY S.A. - CRÉDITO, FINANCIAMENTO E INVESTIMENTO
ZEMA CFI S/A;359;5351887;ZEMA CRÉDITO, FINANCIAMENTO E INVESTIMENTO S/A
TRINUS CAPITAL DTVM;360;2276653;TRINUS CAPITAL DISTRIBUIDORA DE TÍTULOS E VALORES MOBILIÁRIOS S.A.
CIELO S.A.;362;1027058;CIELO S.A.
SINGULARE CTVM S.A.;363;62285390;SINGULARE CORRETORA DE TÍTULOS E VALORES MOBILIÁRIOS S.A.
GERENCIANET;364;9089356;GERENCIANET S.A.
SIMPAUL;365;68757681;SIMPAUL CORRETORA DE CAMBIO E VALORES MOBILIARIOS S.A.
BCO SOCIETE GENERALE BRASIL;366;61533584;BANCO SOCIETE GENERALE BRASIL S.A.
VITREO DTVM S.A.;367;34711571;VITREO DISTRIBUIDORA DE TÍTULOS E VALORES MOBILIÁRIOS S.A.
BCO CSF S.A.;368;8357240;Banco CSF S.A.
BCO MIZUHO S.A.;370;61088183;Banco Mizuho do Brasil S.A.
WARREN CVMC LTDA;371;92875780;WARREN CORRETORA DE VALORES MOBILIÁRIOS E CÂMBIO LTDA.
UP.P SEP S.A.;373;35977097;UP.P SOCIEDADE DE EMPRÉSTIMO ENTRE PESSOAS S.A.
REALIZE CFI S.A.;374;27351731;REALIZE CRÉDITO, FINANCIAMENTO E INVESTIMENTO S.A.
BCO J.P. MORGAN S.A.;376;33172537;BANCO J.P. MORGAN S.A.
BMS SCD S.A.;377;17826860;BMS SOCIEDADE DE CRÉDITO DIRETO S.A.
BBC LEASING;378;1852137;BBC LEASING S.A. - ARRENDAMENTO MERCANTIL
CECM COOPERFORTE;379;1658426;COOPERFORTE - COOPERATIVA DE ECONOMIA E CRÉDITO MÚTUO DE FUNCIONÁRIOS DE INSTITU
PICPAY;380;22896431;PICPAY INSTITUIçãO DE PAGAMENTO S.A.
BCO MERCEDES-BENZ S.A.;381;60814191;BANCO MERCEDES-BENZ DO BRASIL S.A.
FIDUCIA SCMEPP LTDA;382;4307598;FIDÚCIA SOCIEDADE DE CRÉDITO AO MICROEMPREENDEDOR E À EMPRESA DE PEQUENO PORTE L
EBANX IP LTDA.;383;21018182;EBANX INSTITUICAO DE PAGAMENTOS LTDA.
GLOBAL SCM LTDA;384;11165756;GLOBAL FINANÇAS SOCIEDADE DE CRÉDITO AO MICROEMPREENDEDOR E À EMPRESA DE PEQUENO
NU FINANCEIRA S.A. CFI;386;30680829;NU FINANCEIRA S.A. - Sociedade de Crédito, Financiamento e Investimento
BCO TOYOTA DO BRASIL S.A.;387;3215790;Banco Toyota do Brasil S.A.
BCO MERCANTIL DO BRASIL S.A.;389;17184037;Banco Mercantil do Brasil S.A.
BCO GM S.A.;390;59274605;BANCO GM S.A.
CCR DE IBIAM;391;8240446;COOPERATIVA DE CREDITO RURAL DE IBIAM - SULCREDI/IBIAM
BCO VOLKSWAGEN S.A;393;59109165;Banco Volkswagen S.A.
BCO BRADESCO FINANC. S.A.;394;7207996;Banco Bradesco Financiamentos S.A.
F D GOLD DTVM LTDA;395;8673569;F.D'GOLD - DISTRIBUIDORA DE TÍTULOS E VALORES MOBILIÁRIOS LTDA.
HUB PAGAMENTOS;396;13884775;HUB PAGAMENTOS S.A
LISTO SCD S.A.;397;34088029;LISTO SOCIEDADE DE CREDITO DIRETO S.A.
IDEAL CTVM S.A.;398;31749596;IDEAL CORRETORA DE TÍTULOS E VALORES MOBILIÁRIOS S.A.
KIRTON BANK;399;1701201;Kirton Bank S.A. - Banco Múltiplo
COOP CREDITAG;400;5491616;COOPERATIVA DE CRÉDITO, POUPANÇA E SERVIÇOS FINANCEIROS DO CENTRO OESTE - CREDIT
IUGU IP S.A.;401;15111975;IUGU INSTITUIÇÃO DE PAGAMENTO S.A.
COBUCCIO SCD S.A.;402;36947229;COBUCCIO SOCIEDADE DE CRÉDITO DIRETO S.A.
CORA SCD S.A.;403;37880206;CORA SOCIEDADE DE CRÉDITO DIRETO S.A.
SUMUP SCD S.A.;404;37241230;SUMUP SOCIEDADE DE CRÉDITO DIRETO S.A.
ACCREDITO SCD S.A.;406;37715993;ACCREDITO - SOCIEDADE DE CRÉDITO DIRETO S.A.
ÍNDIGO INVESTIMENTOS DTVM LTDA.;407;329598;ÍNDIGO INVESTIMENTOS DISTRIBUIDORA DE TÍTULOS E VALORES MOBILIÁRIOS LTDA.
BONUSPAGO SCD S.A.;408;36586946;BONUSPAGO SOCIEDADE DE CRÉDITO DIRETO S.A.
PLANNER SCM S.A.;410;5684234;PLANNER SOCIEDADE DE CRÉDITO AO MICROEMPREENDEDOR S.A.
VIA CERTA FINANCIADORA S.A. - CFI;411;5192316;Via Certa Financiadora S.A. - Crédito, Financiamento e Investimentos
BCO CAPITAL S.A.;412;15173776;BANCO CAPITAL S.A.
BCO BV S.A.;413;1858774;BANCO BV S.A.
WORK SCD S.A.;414;37526080;WORK SOCIEDADE DE CRÉDITO DIRETO S.A.
LAMARA SCD S.A.;416;19324634;LAMARA SOCIEDADE DE CRÉDITO DIRETO S.A.
ZIPDIN SCD S.A.;418;37414009;ZIPDIN SOLUÇÕES DIGITAIS SOCIEDADE DE CRÉDITO DIRETO S/A
NUMBRS SCD S.A.;419;38129006;NUMBRS SOCIEDADE DE CRÉDITO DIRETO S.A.
CC LAR CREDI;421;39343350;LAR COOPERATIVA DE CRÉDITO - LAR CREDI
BCO SAFRA S.A.;422;58160789;Banco Safra S.A.
COLUNA S.A. DTVM;423;460065;COLUNA S/A DISTRIBUIDORA DE TITULOS E VALORES MOBILIÁRIOS
SOCINAL S.A. CFI;425;3881423;SOCINAL S.A. - CRÉDITO, FINANCIAMENTO E INVESTIMENTO
BIORC FINANCEIRA - CFI S.A.;426;11285104;Biorc Financeira - Crédito, Financiamento e Investimento S.A.
CRED-UFES;427;27302181;COOPERATIVA DE CREDITO DOS SERVIDORES DA UNIVERSIDADE FEDERAL DO ESPIRITO SANTO
CRED-SYSTEM SCD S.A.;428;39664698;CRED-SYSTEM SOCIEDADE DE CRÉDITO DIRETO S.A.
CREDIARE CFI S.A.;429;5676026;Crediare S.A. - Crédito, financiamento e investimento
CCR SEARA;430;204963;COOPERATIVA DE CREDITO RURAL SEARA - CREDISEARA
BR-CAPITAL DTVM S.A.;433;44077014;BR-CAPITAL DISTRIBUIDORA DE TÍTULOS E VALORES MOBILIÁRIOS S.A.
DELCRED SCD S.A.;435;38224857;DELCRED SOCIEDADE DE CRÉDITO DIRETO S.A.
PLANNER TRUSTEE DTVM LTDA;438;67030395;PLANNER TRUSTEE DISTRIBUIDORA DE TÍTULOS E VALORES MOBILIÁRIOS LTDA.
ID CTVM;439;16695922;ID CORRETORA DE TÍTULOS E VALORES MOBILIÁRIOS S.A.
CREDIBRF COOP;440;82096447;CREDIBRF - COOPERATIVA DE CRÉDITO
MAGNETIS - DTVM;442;87963450;MAGNETIS - DISTRIBUIDORA DE TÍTULOS E VALORES MOBILIÁRIOS LTDA
CREDIHOME SCD;443;39416705;CREDIHOME SOCIEDADE DE CRÉDITO DIRETO S.A.
TRINUS SCD S.A.;444;40654622;TRINUS SOCIEDADE DE CRÉDITO DIRETO S.A.
PLANTAE CFI;445;35551187;PLANTAE S.A. - CRÉDITO, FINANCIAMENTO E INVESTIMENTO
MIRAE ASSET CCTVM LTDA;447;12392983;MIRAE ASSET WEALTH MANAGEMENT (BRAZIL) CORRETORA DE CÂMBIO, TÍTULOS E VALORES MO
HEMERA DTVM LTDA.;448;39669186;HEMERA DISTRIBUIDORA DE TÍTULOS E VALORES MOBILIÁRIOS LTDA.
DMCARD SCD S.A.;449;37555231;DMCARD SOCIEDADE DE CRÉDITO DIRETO S.A.
FITBANK PAGAMENTOS ELETRONICOS S.A.;450;13203354;FITBANK PAGAMENTOS ELETRONICOS S.A.
CREDIFIT SCD S.A.;452;39676772;CREDIFIT SOCIEDADE DE CRÉDITO DIRETO S.A.
MÉRITO DTVM LTDA.;454;41592532;MÉRITO DISTRIBUIDORA DE TÍTULOS E VALORES MOBILIÁRIOS LTDA.
BCO MUFG BRASIL S.A.;456;60498557;Banco MUFG Brasil S.A.
UY3 SCD S/A;457;39587424;UY3 SOCIEDADE DE CRÉDITO DIRETO S/A
HEDGE INVESTMENTS DTVM LTDA.;458;7253654;HEDGE INVESTMENTS DISTRIBUIDORA DE TÍTULOS E VALORES MOBILIÁRIOS LTDA.
CCM SERV. PÚBLICOS SP;459;4546162;COOPERATIVA DE CRÉDITO MÚTUO DE SERVIDORES PÚBLICOS DO ESTADO DE SÃO PAULO - CRE
ASAAS IP S.A.;461;19540550;ASAAS GESTÃO FINANCEIRA INSTITUIÇÃO DE PAGAMENTO S.A.
STARK SCD S.A.;462;39908427;STARK SOCIEDADE DE CRÉDITO DIRETO S.A.
BCO SUMITOMO MITSUI BRASIL S.A.;464;60518222;Banco Sumitomo Mitsui Brasileiro S.A.
CAPITAL CONSIG SCD S.A.;465;40083667;CAPITAL CONSIG SOCIEDADE DE CRÉDITO DIRETO S.A.
MASTER S/A CCTVM;467;33886862;MASTER S/A CORRETORA DE CâMBIO, TíTULOS E VALORES MOBILIáRIOS
BCO CAIXA GERAL BRASIL S.A.;473;33466988;Banco Caixa Geral - Brasil S.A.
CITIBANK N.A.;477;33042953;Citibank N.A.
BCO ITAUBANK S.A.;479;60394079;Banco ItauBank S.A.
DEUTSCHE BANK S.A.BCO ALEMAO;487;62331228;DEUTSCHE BANK S.A. - BANCO ALEMAO
JPMORGAN CHASE BANK;488;46518205;JPMorgan Chase Bank, National Association
ING BANK N.V.;492;49336860;ING Bank N.V.
BCO LA PROVINCIA B AIRES BCE;495;44189447;Banco de La Provincia de Buenos Aires
BCO CREDIT SUISSE S.A.;505;32062580;Banco Credit Suisse (Brasil) S.A.
SENSO CCVM S.A.;545;17352220;SENSO CORRETORA DE CAMBIO E VALORES MOBILIARIOS S.A
BCO LUSO BRASILEIRO S.A.;600;59118133;Banco Luso Brasileiro S.A.
BCO INDUSTRIAL DO BRASIL S.A.;604;31895683;Banco Industrial do Brasil S.A.
BCO VR S.A.;610;78626983;Banco VR S.A.
BCO PAULISTA S.A.;611;61820817;Banco Paulista S.A.
BCO GUANABARA S.A.;612;31880826;Banco Guanabara S.A.
OMNI BANCO S.A.;613;60850229;Omni Banco S.A.
BANCO PAN;623;59285411;Banco Pan S.A.
BCO C6 CONSIG;626;61348538;BANCO C6 CONSIGNADO S.A.
BCO LETSBANK S.A.;630;58497702;BANCO LETSBANK S.A.
BCO RENDIMENTO S.A.;633;68900810;Banco Rendimento S.A.
BCO TRIANGULO S.A.;634;17351180;BANCO TRIANGULO S.A.
BCO SOFISA S.A.;637;60889128;BANCO SOFISA S.A.
BCO PINE S.A.;643;62144175;Banco Pine S.A.
ITAÚ UNIBANCO HOLDING S.A.;652;60872504;Itaú Unibanco Holding S.A.
BANCO VOITER;653;61024352;BANCO VOITER S.A.
BCO DIGIMAIS S.A.;654;92874270;BANCO DIGIMAIS S.A.
BCO VOTORANTIM S.A.;655;59588111;Banco Votorantim S.A.
BCO CREFISA S.A.;69;61033106;Banco Crefisa S.A.
BCO DAYCOVAL S.A;707;62232889;Banco Daycoval S.A.
BCO OURINVEST S.A.;712;78632767;Banco Ourinvest S.A.
BCO RNX S.A.;720;80271455;BANCO RNX S.A.
BCO CETELEM S.A.;739;558456;Banco Cetelem S.A.
BCO RIBEIRAO PRETO S.A.;741;517645;BANCO RIBEIRAO PRETO S.A.
BANCO SEMEAR;743;795423;Banco Semear S.A.
BCO CITIBANK S.A.;745;33479023;Banco Citibank S.A.
BCO MODAL S.A.;746;30723886;Banco Modal S.A.
BCO RABOBANK INTL BRASIL S.A.;747;1023570;Banco Rabobank International Brasil S.A.
BCO COOPERATIVO SICREDI S.A.;748;1181521;BANCO COOPERATIVO SICREDI S.A.
SCOTIABANK BRASIL;751;29030467;Scotiabank Brasil S.A. Banco Múltiplo
BCO BNP PARIBAS BRASIL S A;752;1522368;Banco BNP Paribas Brasil S.A.
NOVO BCO CONTINENTAL S.A. - BM;753;74828799;Novo Banco Continental S.A. - Banco Múltiplo
BANCO SISTEMA;754;76543115;Banco Sistema S.A.
BOFA MERRILL LYNCH BM S.A.;755;62073200;Bank of America Merrill Lynch Banco Múltiplo S.A.
BANCO SICOOB S.A.;756;2038232;BANCO COOPERATIVO SICOOB S.A. - BANCO SICOOB
BCO KEB HANA DO BRASIL S.A.;757;2318507;BANCO KEB HANA DO BRASIL S.A.
Selic;n/a;38121;Banco Central do Brasil - Selic
Bacen;n/a;38166;Banco Central do Brasil
STN;n/a;394460;Secretaria do Tesouro Nacional - STN
CIP Siloc;n/a;2992335;Câmara Interbancária de Pagamentos - CIP - LDL
CAMARA INTERBANCARIA DE PAGAMENTOS - CIP;n/a;4391007;Câmara Interbancária de Pagamentos
Balcão B3;n/a;28719664;Sistema do Balcão B3
CIP C3;n/a;29011780;Câmara Interbancária de Pagamentos - CIP C3
Câmara B3;n/a;54641030;Câmara B3
Câmbio B3;n/a;60934221;Câmara de Câmbio B3


Consultar os codigos dos bancos
https://brasilapi.com.br/api/banks/v1